,year_month,passengers,lag_1,lag_3,lag_6,lag_12,roll_mean_3,roll_mean_6,roll_mean_12,roll_std_6,exp_mean,exp_std,exp_min,exp_max
96,2008-01-01,4111527,3853064.0,3261641.0,3955423.0,3989260.0,3544391.6666666665,3683011.1666666665,3821790.75,271795.4717734851,3024861.6979166665,546774.8644430329,2109035.0,4275973.0
97,2008-02-01,4060498,4111527.0,3518470.0,3594543.0,3344750.0,3827687.0,3709028.5,3831979.6666666665,308129.8736109578,3036064.432989691,554997.4599415953,2109035.0,4275973.0
98,2008-03-01,4396453,4060498.0,3853064.0,3914926.0,3738048.0,4008363.0,3786687.6666666665,3891625.3333333335,331348.24513594754,3046517.836734694,561743.2792923996,2109035.0,4275973.0
99,2008-04-01,4607122,4396453.0,4111527.0,3261641.0,4275973.0,4189492.6666666665,3866942.1666666665,3946492.4166666665,416096.69086664513,3060153.5454545454,575102.4954778071,2109035.0,4396453.0
100,2008-05-01,4933469,4607122.0,4060498.0,3518470.0,4266889.0,4354691.0,4091189.0,3974088.1666666665,386118.92222371994,3075623.23,592733.6308356333,2109035.0,4607122.0
101,2008-06-01,4553935,4933469.0,4396453.0,3853064.0,4148502.0,4645681.333333333,4327022.166666667,4029636.5,398287.3236584051,3094017.7425742573,618056.6259896036,2109035.0,4933469.0
102,2008-07-01,4622581,4553935.0,4607122.0,4111527.0,3955423.0,4698175.333333333,4443834.0,4063422.5833333335,328069.20753891114,3108330.656862745,631749.5902346068,2109035.0,4933469.0
103,2008-08-01,4188977,4622581.0,4933469.0,4060498.0,3594543.0,4703328.333333333,4529009.666666667,4119019.0833333335,288492.7060718804,3123032.1165048545,646108.6719763061,2109035.0,4933469.0
104,2008-09-01,3960442,4188977.0,4553935.0,4396453.0,3914926.0,4455164.333333333,4550422.833333333,4168555.25,248800.36078787452,3133281.5865384615,651405.2588298592,2109035.0,4933469.0
105,2008-10-01,4010455,3960442.0,4622581.0,4607122.0,3261641.0,4257333.333333333,4477754.333333333,4172348.25,347043.08274661825,3141159.3047619048,653272.4264582547,2109035.0,4933469.0
106,2008-11-01,4126591,4010455.0,4188977.0,4933469.0,3518470.0,4053291.3333333335,4378309.833333333,4234749.416666667,385873.5359375861,3149360.2075471696,655613.7928618196,2109035.0,4933469.0
107,2008-12-01,4548279,4126591.0,3960442.0,4553935.0,3853064.0,4032496.0,4243830.166666667,4285426.166666667,279694.0882195668,3158493.2056074766,659317.4482408062,2109035.0,4933469.0
108,2009-01-01,4852004,4548279.0,4010455.0,4622581.0,4111527.0,4228441.666666667,4242887.5,4343360.75,278446.6439602176,3171361.592592593,669717.2439595294,2109035.0,4933469.0
109,2009-02-01,3881842,4852004.0,4126591.0,4188977.0,4060498.0,4508958.0,4281124.666666667,4405067.166666667,348064.91888881166,3186780.330275229,685770.8052421745,2109035.0,4933469.0
110,2009-03-01,4376056,3881842.0,4548279.0,3960442.0,4396453.0,4427375.0,4229935.5,4390179.166666667,384956.9870854511,3193099.0727272728,685827.2398604474,2109035.0,4933469.0
111,2009-04-01,4501608,4376056.0,4852004.0,4010455.0,4607122.0,4369967.333333333,4299204.5,4388479.416666667,363564.2164299293,3203756.3423423423,691874.3404085675,2109035.0,4933469.0
112,2009-05-01,4549205,4501608.0,3881842.0,4126591.0,4933469.0,4253168.666666667,4381063.333333333,4379686.583333333,340082.4573056886,3215344.3035714286,699583.471900345,2109035.0,4933469.0
113,2009-06-01,5253694,4549205.0,4376056.0,4548279.0,4553935.0,4475623.0,4451499.0,4347664.583333333,320008.9816364679,3227148.3805309734,707666.753155942,2109035.0,4933469.0
114,2009-07-01,5513153,5253694.0,4501608.0,4852004.0,4622581.0,4768169.0,4569068.166666667,4405977.833333333,461138.620712012,3244925.096491228,729647.7024584424,2109035.0,5253694.0
115,2009-08-01,4846192,5513153.0,4549205.0,3881842.0,4188977.0,5105350.666666667,4679259.666666667,4480192.166666667,600272.3755551956,3264648.8173913043,756606.6436385734,2109035.0,5513153.0
116,2009-09-01,5080020,4846192.0,5253694.0,4376056.0,3960442.0,5204346.333333333,4839984.666666667,4534960.083333333,455769.8847715579,3278282.8103448274,767488.4391958858,2109035.0,5513153.0
117,2009-10-01,5741635,5080020.0,5513153.0,4501608.0,4010455.0,5146455.0,4957312.0,4628258.25,399605.77421605587,3293682.2735042735,782116.5972116459,2109035.0,5513153.0
118,2009-11-01,5497540,5741635.0,4846192.0,4549205.0,4126591.0,5222615.666666667,5163983.166666667,4772523.25,435807.86589021323,3314427.63559322,810716.8295620164,2109035.0,5741635.0
119,2009-12-01,6035536,5497540.0,5080020.0,5253694.0,4548279.0,5439731.666666667,5322039.0,4886769.0,326515.10470668424,3332773.117647059,831710.2929339479,2109035.0,5741635.0
120,2010-01-01,6381639,6035536.0,5741635.0,5513153.0,4852004.0,5758237.0,5452346.0,5010707.083333333,432570.9219302867,3355296.1416666666,864177.9021775867,2109035.0,6035536.0
121,2010-02-01,5469477,6381639.0,5497540.0,4846192.0,3881842.0,5971571.666666667,5597093.666666667,5138176.666666667,577886.6115537598,3380307.2396694217,903477.8593726945,2109035.0,6381639.0
122,2010-03-01,5833840,5469477.0,6035536.0,5080020.0,4376056.0,5962217.333333333,5700974.5,5270479.583333333,459880.422385994,3397431.581967213,919402.9850293464,2109035.0,6381639.0
123,2010-04-01,5582811,5833840.0,6381639.0,5741635.0,4501608.0,5894985.333333333,5826611.166666667,5391961.583333333,344909.06987869676,3417239.7804878047,941612.4504397525,2109035.0,6381639.0
124,2010-05-01,5424264,5582811.0,5469477.0,5497540.0,4549205.0,5628709.333333333,5800140.5,5482061.833333333,358559.54251019575,3434704.064516129,957729.4770052464,2109035.0,6381639.0
125,2010-06-01,5487593,5424264.0,5833840.0,6035536.0,5253694.0,5613638.333333333,5787927.833333333,5554983.416666667,371926.31337804993,3450620.544,970317.1635427107,2109035.0,6381639.0
126,2010-07-01,6411046,5487593.0,5582811.0,6381639.0,5513153.0,5498222.666666667,5696604.0,5574475.0,366195.8125429892,3466786.992063492,983317.7940520222,2109035.0,6381639.0
127,2010-08-01,6399210,6411046.0,5424264.0,5469477.0,4846192.0,5774301.0,5701505.166666667,5649299.416666667,377228.61957993975,3489970.1338582677,1013655.3351340871,2109035.0,6411046.0
128,2010-09-01,6418968,6399210.0,5487593.0,5833840.0,5080020.0,6099283.0,5856460.666666667,5778717.583333333,447301.88454765995,3512698.5703125,1041887.2699214347,2109035.0,6411046.0
129,2010-10-01,6553761,6418968.0,6411046.0,5582811.0,5741635.0,6409741.333333333,5953982.0,5890296.583333333,501843.64544389944,3535227.7906976743,1068889.31688074,2109035.0,6418968.0
130,2010-11-01,6501875,6553761.0,6399210.0,5424264.0,5497540.0,6457313.0,6115807.0,5957973.75,514602.4050103378,3558447.2769230767,1097158.3221853503,2109035.0,6553761.0
131,2010-12-01,7048219,6501875.0,6418968.0,5487593.0,6035536.0,6491534.666666667,6295408.833333333,6041668.333333333,400338.3680755467,3580916.190839695,1122778.8489183094,2109035.0,6553761.0
132,2011-01-01,7535265,7048219.0,6553761.0,6411046.0,6381639.0,6701285.0,6555513.166666667,6126058.583333333,248831.34284368975,3607183.6363636362,1158484.520212527,2109035.0,7048219.0
133,2011-02-01,6173927,7535265.0,6501875.0,6399210.0,5469477.0,7028453.0,6742883.0,6222194.083333333,455627.7761335768,3636718.082706767,1203300.7814965264,2109035.0,7535265.0
134,2011-03-01,7156850,6173927.0,7048219.0,6418968.0,5833840.0,6919137.0,6705335.833333333,6280898.25,497015.97812967264,3655652.4776119404,1218641.2818319744,2109035.0,7535265.0
135,2011-04-01,7136280,7156850.0,7535265.0,6553761.0,5582811.0,6955347.333333333,6828316.166666667,6391149.083333333,503237.1101166885,3681587.274074074,1250922.3330313824,2109035.0,7535265.0
136,2011-05-01,6901713,7136280.0,6173927.0,6501875.0,5424264.0,6822352.333333333,6925402.666666667,6520604.833333333,495811.3345210016,3706989.4264705884,1281004.3535316,2109035.0,7535265.0
137,2011-06-01,6623006,6901713.0,7156850.0,7048219.0,5487593.0,7064947.666666667,6992042.333333333,6643725.583333333,452478.6938699953,3730308.576642336,1305145.363864268,2109035.0,7535265.0
138,2011-07-01,7985229,6623006.0,7136280.0,7535265.0,6411046.0,6886999.666666667,6921173.5,6738343.333333333,474675.15002276027,3751270.152173913,1323482.643420394,2109035.0,7535265.0
139,2011-08-01,7516754,7985229.0,6901713.0,6173927.0,6399210.0,7169982.666666667,6996167.5,6869525.25,607938.0933512312,3781730.287769784,1366704.2360064285,2109035.0,7985229.0
140,2011-09-01,7344350,7516754.0,6623006.0,7156850.0,6418968.0,7374996.333333333,7219972.0,6962653.916666667,477984.05110592477,3808409.0285714287,1397887.0516751055,2109035.0,7985229.0
141,2011-10-01,7335382,7344350.0,7985229.0,7136280.0,6553761.0,7615444.333333333,7251222.0,7039769.083333333,479159.6582681303,3833486.624113475,1424360.6754820938,2109035.0,7985229.0
142,2011-11-01,7204116,7335382.0,7516754.0,6901713.0,6501875.0,7398828.666666667,7284405.666666667,7104904.166666667,476494.3228189589,3858147.8591549294,1449405.2996620585,2109035.0,7985229.0
143,2011-12-01,7838674,7204116.0,7344350.0,6623006.0,7048219.0,7294616.0,7334806.166666667,7163424.25,442715.6399868865,3881546.237762238,1471146.4090381165,2109035.0,7985229.0
144,2012-01-01,8291969,7838674.0,7335382.0,7985229.0,7535265.0,7459390.666666667,7537417.5,7229295.5,310129.2928040383,3909026.2916666665,1502624.0626013218,2109035.0,7985229.0
145,2012-02-01,6947636,8291969.0,7204116.0,7516754.0,6173927.0,7778253.0,7588540.833333333,7292354.166666667,408419.4281933707,3939253.4827586208,1541000.7801782987,2109035.0,8291969.0
146,2012-03-01,7385953,6947636.0,7838674.0,7344350.0,7156850.0,7692759.666666667,7493687.833333333,7356829.916666667,486961.03600288124,3959858.842465753,1555729.758501417,2109035.0,8291969.0
147,2012-04-01,7668919,7385953.0,8291969.0,7335382.0,7136280.0,7541852.666666667,7500621.666666667,7375921.833333333,484700.27656387765,3983165.605442177,1575934.2887251389,2109035.0,8291969.0
148,2012-05-01,7425276,7668919.0,6947636.0,7204116.0,6901713.0,7334169.333333333,7556211.166666667,7420308.416666667,481071.8200873959,4008069.3445945946,1599519.5832146197,2109035.0,8291969.0
149,2012-06-01,7362956,7425276.0,7385953.0,7838674.0,6623006.0,7493382.666666667,7593071.166666667,7463938.666666667,456546.06214291236,4031003.6174496645,1618501.5092540055,2109035.0,8291969.0
150,2012-07-01,8779953,7362956.0,7668919.0,8291969.0,7985229.0,7485717.0,7513784.833333333,7525601.166666667,446561.4933150859,4053216.6333333333,1635841.9830156604,2109035.0,8291969.0
151,2012-08-01,7963773,8779953.0,7425276.0,6947636.0,7516754.0,7856061.666666667,7595115.5,7591828.166666667,625301.3675893676,4084519.523178808,1675141.6779648808,2109035.0,8779953.0
152,2012-09-01,7779585,7963773.0,7362956.0,7385953.0,7344350.0,8035560.666666667,7764471.666666667,7629079.75,547649.2643660731,4110040.927631579,1698976.220221741,2109035.0,8779953.0
153,2012-10-01,7898264,7779585.0,8779953.0,7668919.0,7335382.0,8174437.0,7830077.0,7665349.333333333,515892.6743155352,4134024.8758169934,1719168.4290149065,2109035.0,8779953.0
154,2012-11-01,7716781,7898264.0,7963773.0,7425276.0,7204116.0,7880540.666666667,7868301.166666667,7712256.166666667,510026.9211645614,4158467.987012987,1740181.7569810364,2109035.0,8779953.0
155,2012-12-01,7972180,7716781.0,7779585.0,7362956.0,7838674.0,7798210.0,7916885.333333333,7754978.25,471839.34483370715,4181424.8451612904,1757912.5082625921,2109035.0,8779953.0
156,2013-01-01,8221355,7972180.0,7898264.0,8779953.0,8291969.0,7862408.333333333,8018422.666666667,7766103.75,386658.15655110974,4205724.557692308,1778323.2296928987,2109035.0,8779953.0
157,2013-02-01,6584017,8221355.0,7716781.0,7963773.0,6947636.0,7970105.333333333,7925323.0,7760219.25,177070.85918477748,4231301.821656051,1801352.364029412,2109035.0,8779953.0
158,2013-03-01,7028475,6584017.0,7972180.0,7779585.0,7385953.0,7592517.333333333,7695363.666666667,7729917.666666667,572207.3154155758,4246192.424050633,1805335.3488251376,2109035.0,8779953.0
159,2013-04-01,7290295,7028475.0,8221355.0,7898264.0,7668919.0,7277949.0,7570178.666666667,7700127.833333333,629400.6060476103,4263691.0566037735,1813089.5697634574,2109035.0,8779953.0
160,2013-05-01,7545499,7290295.0,6584017.0,7716781.0,7425276.0,6967595.666666667,7468850.5,7668575.833333333,614787.1357183164,4282607.33125,1823148.6652836774,2109035.0,8779953.0
161,2013-06-01,7392401,7545499.0,7028475.0,7972180.0,7362956.0,7288089.666666667,7440303.5,7678594.416666667,604868.908721825,4302873.739130435,1835544.593589578,2109035.0,8779953.0
162,2013-07-01,8396631,7392401.0,7290295.0,8221355.0,8779953.0,7409398.333333333,7343673.666666667,7681048.166666667,546389.984133217,4321944.895061729,1845865.0964624295,2109035.0,8779953.0
163,2013-08-01,7722498,8396631.0,7545499.0,6584017.0,7963773.0,7778177.0,7372886.333333333,7649104.666666667,604315.2186370101,4346942.969325153,1867630.8657213198,2109035.0,8779953.0
164,2013-09-01,7687740,7722498.0,7392401.0,7028475.0,7779585.0,7837176.666666667,7562633.166666667,7628998.416666667,471142.17497842276,4367525.62195122,1880458.4222527666,2109035.0,8779953.0
165,2013-10-01,8148008,7687740.0,8396631.0,7290295.0,7898264.0,7935623.0,7672510.666666667,7621344.666666667,391857.91504306684,4387648.133333334,1892451.637023357,2109035.0,8779953.0
166,2013-11-01,8003292,8148008.0,7722498.0,7545499.0,7716781.0,7852748.666666667,7815462.833333333,7642156.666666667,380830.6958066802,4410300.903614458,1909149.1493841934,2109035.0,8779953.0
167,2013-12-01,8395496,8003292.0,7687740.0,7392401.0,7972180.0,7946346.666666667,7891761.666666667,7666032.583333333,361283.91801393614,4431815.820359281,1923589.4698007086,2109035.0,8779953.0
168,2014-01-01,8704126,8395496.0,8148008.0,8396631.0,8221355.0,8182265.333333333,8058944.166666667,7701308.916666667,312831.46274152346,4455409.154761905,1942049.4368865679,2109035.0,8779953.0
169,2014-02-01,7442371,8704126.0,8003292.0,7722498.0,6584017.0,8367638.0,8110193.333333333,7741539.833333333,393899.9767853527,4480549.49112426,1963649.777257327,2109035.0,8779953.0
170,2014-03-01,7771916,7442371.0,8395496.0,7687740.0,7028475.0,8180664.333333333,8063505.5,7813069.333333333,460083.99956522573,4497971.970588235,1970965.9116314754,2109035.0,8779953.0
171,2014-04-01,7849561,7771916.0,8704126.0,8148008.0,7290295.0,7972804.333333333,8077534.833333333,7875022.75,447443.9016540524,4517117.842105263,1981044.6539930073,2109035.0,8779953.0
172,2014-05-01,7911486,7849561.0,7442371.0,8003292.0,7545499.0,7687949.333333333,8027793.666666667,7921628.25,454574.68586218165,4536492.511627907,1991520.120873228,2109035.0,8779953.0
173,2014-06-01,6752206,7911486.0,7771916.0,8395496.0,7392401.0,7844321.0,8012492.666666667,7952127.166666667,457102.42685496766,4556001.14450867,2002232.4728284087,2109035.0,8779953.0
174,2014-07-01,8463870,6752206.0,7849561.0,8704126.0,8396631.0,7504417.666666667,7738611.0,7898777.583333333,638165.6631314735,4568623.011494253,2003367.6764005884,2109035.0,8779953.0
175,2014-08-01,8257572,8463870.0,7911486.0,7442371.0,7722498.0,7709187.333333333,7698568.333333333,7904380.833333333,569286.9186857359,4590881.565714286,2019187.614949583,2109035.0,8779953.0
176,2014-09-01,8019280,8257572.0,6752206.0,7771916.0,7687740.0,7824549.333333333,7834435.166666667,7948970.333333333,592710.2540488058,4611715.034090909,2032291.9777592693,2109035.0,8779953.0
177,2014-10-01,8567662,8019280.0,8463870.0,7849561.0,8148008.0,8246907.333333333,7875662.5,7976598.666666667,596085.2345763426,4630966.813559322,2042631.9457895528,2109035.0,8779953.0
178,2014-11-01,8357197,8567662.0,8257572.0,7911486.0,8003292.0,8281504.666666667,7995346.0,8011569.833333333,658608.413712453,4653083.078651685,2058115.0813710827,2109035.0,8779953.0
179,2014-12-01,8906380,8357197.0,8019280.0,6752206.0,8395496.0,8314713.0,8069631.166666667,8041061.916666667,672252.8012206424,4673776.452513967,2070915.6094407325,2109035.0,8779953.0
180,2015-01-01,9239910,8906380.0,8567662.0,8463870.0,8704126.0,8610413.0,8428660.166666666,8083635.583333333,300249.14554982673,4697290.916666667,2089081.0648798845,2109035.0,8906380.0
181,2015-02-01,7438471,9239910.0,8357197.0,8257572.0,7442371.0,8834495.666666666,8558000.166666666,8128284.25,448834.3331647003,4722388.259668509,2110455.277351975,2109035.0,9239910.0
182,2015-03-01,8005329,7438471.0,8906380.0,8019280.0,7771916.0,8528253.666666666,8421483.333333334,8127959.25,641642.9988907389,4737311.791208792,2114224.9574433146,2109035.0,9239910.0
183,2015-04-01,8014957,8005329.0,9239910.0,8567662.0,7849561.0,8227903.333333333,8419158.166666666,8147410.333333333,643414.8210190691,4755169.8087431695,2122203.4139082897,2109035.0,9239910.0
184,2015-05-01,7870218,8014957.0,7438471.0,8357197.0,7911486.0,7819585.666666667,8327040.666666667,8161193.333333333,657316.4460619406,4772886.043478261,2129997.146458931,2109035.0,9239910.0
185,2015-06-01,7562473,7870218.0,8005329.0,8906380.0,6752206.0,7963501.333333333,8245877.5,8157754.333333333,682433.4894944216,4789628.378378378,2136372.489451302,2109035.0,9239910.0
186,2015-07-01,8917071,7562473.0,8014957.0,9239910.0,8463870.0,7815882.666666667,8021893.0,8225276.583333333,641613.7714529134,4804536.145161291,2140269.513835131,2109035.0,9239910.0
187,2015-08-01,2647,8917071.0,7870218.0,7438471.0,8257572.0,8116587.333333333,7968086.5,8263043.333333333,521296.1847801411,4826528.310160427,2155590.274022712,2109035.0,9239910.0
188,2015-09-01,7814992,2647.0,7562473.0,8005329.0,8019280.0,5494063.666666667,6728782.5,7575132.916666667,3325995.670025913,4800869.367021277,2178416.204687548,2647.0,9239910.0
189,2015-10-01,8056178,7814992.0,8917071.0,8014957.0,8567662.0,5578236.666666667,6697059.666666667,7558108.916666667,3312264.423848297,4816817.105820105,2183649.1465272014,2647.0,9239910.0
190,2015-11-01,7744849,8056178.0,2647.0,7870218.0,8357197.0,5291272.333333333,6703929.833333333,7515485.25,3315585.744181892,4833866.373684211,2190507.4985836735,2647.0,9239910.0
191,2015-12-01,8406734,7744849.0,7814992.0,7562473.0,8906380.0,7872006.333333333,6683035.0,7464456.25,3307150.108313141,4849107.1204188485,2194865.444211908,2647.0,9239910.0
192,2016-01-01,8517639,8406734.0,8056178.0,8917071.0,9239910.0,8069253.666666667,6823745.166666667,7422819.083333333,3369425.474329858,4867636.427083333,2204117.1721212775,2647.0,9239910.0
193,2016-02-01,3061,8517639.0,7744849.0,2647.0,7438471.0,8223074.0,6757173.166666667,7362629.833333333,3323426.3169901916,4886548.357512954,2214014.0762166292,2647.0,9239910.0
194,2016-03-01,7188151,3061.0,8406734.0,7814992.0,8005329.0,5642478.0,6757242.166666667,6743012.333333333,3323258.034443878,4861375.742268041,2235931.628718095,2647.0,9239910.0
195,2016-04-01,6838607,7188151.0,8517639.0,8056178.0,8014957.0,5236283.666666667,6652768.666666667,6674914.166666667,3293070.8846605,4873307.923076923,2236377.3604990155,2647.0,9239910.0
196,2016-05-01,6930320,6838607.0,3061.0,7744849.0,7870218.0,4676606.333333333,6449840.166666667,6576885.0,3226127.0132953213,4883334.959183673,2235048.478630022,2647.0,9239910.0
197,2016-06-01,6754191,6930320.0,7188151.0,8406734.0,7562473.0,6985692.666666667,6314085.333333333,6498560.166666667,3177505.7599556744,4893725.746192893,2234104.8632367863,2647.0,9239910.0
198,2016-07-01,7732460,6754191.0,6838607.0,8517639.0,8917071.0,6841039.333333333,6038661.5,6431203.333333333,3027939.203507217,4903122.035353536,2232346.264417554,2647.0,9239910.0
199,2016-08-01,7151903,7732460.0,6930320.0,3061.0,2647.0,7138990.333333333,5907798.333333333,6332485.75,2914204.934572565,4917339.814070351,2235716.4871218516,2647.0,9239910.0
200,2016-09-01,7048052,7151903.0,6754191.0,7188151.0,7814992.0,7212851.333333333,7099272.0,6928257.083333333,354166.19241145917,4928512.63,2235682.6349563976,2647.0,9239910.0
201,2016-10-01,7184376,7048052.0,7732460.0,6838607.0,8056178.0,7310805.0,7075922.166666667,6864345.416666667,351744.5614917126,4939057.60199005,2235091.9317363235,2647.0,9239910.0
202,2016-11-01,7169423,7184376.0,7151903.0,6930320.0,7744849.0,7128110.333333333,7133550.333333333,6791695.25,332908.06381627,4950173.039603961,2235115.1490971376,2647.0,9239910.0
203,2016-12-01,7553210,7169423.0,7048052.0,6754191.0,8406734.0,7133950.333333333,7173400.833333333,6743743.083333333,317677.44663258374,4961105.30541872,2235010.0168454167,2647.0,9239910.0
204,2017-01-01,8002961,7553210.0,7184376.0,7732460.0,8517639.0,7302336.333333333,7306570.666666667,6672616.083333333,270816.42939655524,4973811.700980392,2236872.5584424934,2647.0,9239910.0
205,2017-02-01,6482873,8002961.0,7169423.0,7151903.0,3061.0,7575198.0,7351654.166666667,6629726.25,362792.04303154146,4988588.03902439,2241390.4460030394,2647.0,9239910.0
206,2017-03-01,7375156,6482873.0,7553210.0,7048052.0,7188151.0,7346348.0,7240149.166666667,7169710.583333333,509582.2464048357,4995841.849514564,2238339.5403814116,2647.0,9239910.0
207,2017-04-01,6870792,7375156.0,8002961.0,7184376.0,6838607.0,7286996.666666667,7294666.5,7185294.333333333,502367.0003210129,5007336.120772947,2239015.675764334,2647.0,9239910.0
208,2017-05-01,7038516,6870792.0,6482873.0,7169423.0,6930320.0,6909607.0,7242402.5,7187976.416666667,531597.490257744,5016295.043269231,2237334.8962901365,2647.0,9239910.0
209,2017-06-01,6800795,7038516.0,7375156.0,7553210.0,6754191.0,7094821.333333333,7220584.666666667,7196992.75,537841.4354799179,5025970.741626794,2236329.163900066,2647.0,9239910.0
210,2017-07-01,7762111,6800795.0,6870792.0,8002961.0,7732460.0,6903367.666666667,7095182.166666667,7200876.416666667,532465.2248594246,5034422.285714285,2234331.9137195414,2647.0,9239910.0
211,2017-08-01,7340451,7762111.0,7038516.0,6482873.0,7151903.0,7200474.0,7055040.5,7203347.333333333,453576.81080268056,5047349.720379147,2236901.5515126297,2647.0,9239910.0
212,2017-09-01,7380174,7340451.0,6800795.0,7375156.0,7048052.0,7301119.0,7197970.166666667,7219059.666666667,363364.7710670349,5058166.235849056,2237144.958043995,2647.0,9239910.0
213,2017-10-01,7673001,7380174.0,7762111.0,6870792.0,7184376.0,7494245.333333333,7198806.5,7246736.5,363859.5896467923,5069067.680751174,2237526.1278897445,2647.0,9239910.0
214,2017-11-01,7455449,7673001.0,7340451.0,7038516.0,7169423.0,7464542.0,7332508.0,7287455.25,366600.42823111033,5081235.593457944,2239353.2107916977,2647.0,9239910.0
215,2017-12-01,8049787,7455449.0,7380174.0,6800795.0,7553210.0,7502874.666666667,7401996.833333333,7311290.75,338139.1357311379,5092278.446511628,2239974.9332934227,2647.0,9239910.0
216,2018-01-01,8379508,8049787.0,7673001.0,7762111.0,8002961.0,7726079.0,7610162.166666667,7352672.166666667,271986.02728118736,5105970.615740741,2243801.519139442,2647.0,9239910.0
217,2018-02-01,6655715,8379508.0,7455449.0,7340451.0,6482873.0,7961581.333333333,7713061.666666667,7384051.083333333,418367.4738541509,5121056.041474654,2249604.2806529477,2647.0,9239910.0
218,2018-03-01,7420423,6655715.0,8049787.0,7380174.0,7375156.0,7695003.333333333,7598939.0,7398454.583333333,596012.7653348006,5128095.76146789,2246820.3535747095,2647.0,9239910.0
219,2018-04-01,7293623,7420423.0,8379508.0,7673001.0,6870792.0,7485215.333333333,7605647.166666667,7402226.833333333,593278.3364056054,5138563.00913242,2247006.713304092,2647.0,9239910.0
220,2018-05-01,7331167,7293623.0,6655715.0,7455449.0,7038516.0,7123253.666666667,7542417.5,7437462.75,604769.4634287808,5148358.736363636,2246573.9640825945,2647.0,9239910.0
221,2018-06-01,7159928,7331167.0,7420423.0,8049787.0,6800795.0,7348404.333333333,7521703.833333333,7461850.333333333,610445.6466086083,5158235.69683258,2246266.4018416773,2647.0,9239910.0
222,2018-07-01,567,7159928.0,7293623.0,8379508.0,7762111.0,7261572.666666667,7373394.0,7491778.083333333,562717.4282007208,5167252.328828828,2245201.5480814264,2647.0,9239910.0
223,2018-08-01,7885044,567.0,7331167.0,6655715.0,7340451.0,4830554.0,5976903.833333333,6844982.75,2940355.706283065,5144083.33632287,2266700.243375352,567.0,9239910.0
224,2018-09-01,7593784,7885044.0,7159928.0,7420423.0,7380174.0,5015179.666666667,6181792.0,6890365.5,3038315.2478955206,5156319.767857143,2269015.1004354325,567.0,9239910.0
225,2018-10-01,7951365,7593784.0,567.0,7293623.0,7673001.0,5159798.333333333,6210685.5,6908166.333333333,3053237.736430676,5167152.942222223,2269768.9178979252,567.0,9239910.0
226,2018-11-01,7839318,7951365.0,7885044.0,7331167.0,7455449.0,7810064.333333333,6320309.166666667,6931363.333333333,3111154.4731457788,5179472.46460177,2272279.4696337236,567.0,9239910.0
227,2018-12-01,8277206,7839318.0,7593784.0,7159928.0,8049787.0,7794822.333333333,6405001.0,6963352.416666667,3150838.8983128956,5191189.845814978,2274109.530264721,567.0,9239910.0
228,2019-01-01,8318188,8277206.0,7951365.0,567.0,8379508.0,8022629.666666667,6591214.0,6982304.0,3236235.897276035,5204725.004385965,2278280.406060134,567.0,9239910.0
229,2019-02-01,7335777,8318188.0,7839318.0,7885044.0,6655715.0,8144904.0,7977484.166666667,6977194.0,276208.3931443834,5218320.912663755,2282570.1182793216,567.0,9239910.0
230,2019-03-01,7690335,7335777.0,8277206.0,7593784.0,7420423.0,7977057.0,7885939.666666667,7033865.833333333,383253.41816440655,5227527.243478261,2281856.4158727294,567.0,9239910.0
231,2019-04-01,7310826,7690335.0,8318188.0,7951365.0,7293623.0,7781433.333333333,7902031.5,7056358.5,370342.67432465154,5238188.748917749,2282649.2024346027,567.0,9239910.0
232,2019-05-01,7051031,7310826.0,7335777.0,7839318.0,7331167.0,7445646.0,7795275.0,7057792.083333333,439198.5722618346,5247122.530172414,2281764.152309912,567.0,9239910.0
233,2019-06-01,6799219,7051031.0,7690335.0,8277206.0,7159928.0,7350730.666666667,7663893.833333333,7034447.416666667,531576.938804346,5254864.626609442,2279906.1593449865,567.0,9239910.0
234,2019-07-01,7884841,6799219.0,7310826.0,8318188.0,567.0,7053692.0,7417562.666666667,7004388.333333333,532974.0520763631,5261464.431623932,2277247.3822673447,567.0,9239910.0
235,2019-08-01,7771096,7884841.0,7051031.0,7335777.0,7885044.0,7245030.333333333,7345338.166666667,7661411.166666667,399056.7579412701,5272627.736170213,2278810.9652571734,567.0,9239910.0
236,2019-09-01,7692504,7771096.0,6799219.0,7690335.0,7593784.0,7485052.0,7417891.333333333,7651915.5,434931.2647004098,5283214.466101695,2279765.8299442935,567.0,9239910.0
237,2019-10-01,8285646,7692504.0,7884841.0,7310826.0,7951365.0,7782813.666666667,7418252.833333333,7660142.166666667,435203.81573763565,5293380.244725739,2280307.424271947,567.0,9239910.0
238,2019-11-01,8037997,8285646.0,7771096.0,7051031.0,7839318.0,7916415.333333333,7580722.833333333,7687998.916666667,553075.6154131179,5305952.789915967,2283743.035677723,567.0,9239910.0
239,2019-12-01,8572632,8037997.0,7692504.0,6799219.0,8277206.0,8005382.333333333,7745217.166666667,7704555.5,509045.9886554458,5317383.937238494,2285781.8928945544,567.0,9239910.0
240,2020-01-01,8753711,8572632.0,8285646.0,7884841.0,8318188.0,8298758.333333333,8040786.0,7729174.333333333,335015.30009424256,5330947.470833333,2290652.8425842477,567.0,9239910.0
241,2020-02-01,7480448,8753711.0,8037997.0,7771096.0,7335777.0,8454780.0,8185597.666666667,7765467.916666667,428788.2825520109,5345149.809128631,2296484.0112507124,567.0,9239910.0
242,2020-03-01,5004411,7480448.0,8572632.0,7692504.0,7690335.0,8268930.333333333,8137156.333333333,7777523.833333333,496113.2935831319,5353973.355371901,2295821.5452545453,567.0,9239910.0
243,2020-04-01,397727,5004411.0,8753711.0,8285646.0,7310826.0,7079523.333333333,7689140.833333333,7553696.833333333,1388719.7195180168,5352534.8271604935,2291182.94159563,567.0,9239910.0
244,2020-05-01,548123,397727.0,7480448.0,8037997.0,7051031.0,4294195.333333333,6374487.666666667,6977605.25,3227436.5022474243,5332228.237704918,2308361.228289396,567.0,9239910.0
245,2020-06-01,787963,548123.0,5004411.0,8572632.0,6799219.0,1983420.3333333333,5126175.333333333,6435696.25,3844770.2588783484,5312701.2775510205,2323814.1811511046,567.0,9239910.0
246,2020-07-01,1626252,787963.0,397727.0,8753711.0,7884841.0,577937.6666666666,3828730.5,5934758.25,3761731.9372435757,5294308.032520325,2336941.525469952,567.0,9239910.0
247,2020-09-01,2997844,1626252.0,548123.0,7480448.0,7771096.0,987446.0,2640820.6666666665,5413209.166666667,2928543.522749604,5279457.603238867,2343836.067471309,567.0,9239910.0
248,2020-10-01,4043445,2997844.0,787963.0,5004411.0,7692504.0,1804019.6666666667,1893720.0,5015438.166666667,1802129.4249519343,5270257.548387097,2343569.354097898,567.0,9239910.0
249,2020-11-01,4307653,4043445.0,1626252.0,397727.0,8285646.0,2889180.3333333335,1733559.0,4711349.916666667,1485217.9721512895,5265330.590361446,2340131.4772041864,567.0,9239910.0
250,2020-12-01,4732638,4307653.0,2997844.0,548123.0,8037997.0,3782980.6666666665,2385213.3333333335,4379850.5,1632357.4787224336,5261499.88,2336212.97903619,567.0,9239910.0
251,2021-01-01,5390792,4732638.0,4043445.0,787963.0,8572632.0,4361245.333333333,3082632.5,4104403.9166666665,1583672.6555920257,5259392.8605577685,2331774.826467362,567.0,9239910.0
252,2021-02-01,4315210,5390792.0,4307653.0,1626252.0,8753711.0,4810361.0,3849770.6666666665,3839250.5833333335,1346935.9125822845,5259914.285714285,2327139.941857185,567.0,9239910.0
253,2021-03-01,3223332,4315210.0,4732638.0,2997844.0,7480448.0,4812880.0,4297930.333333333,3469375.5,792300.1645913469,5256180.276679842,2323277.307011211,567.0,9239910.0
254,2021-04-01,2643048,3223332.0,5390792.0,4043445.0,5004411.0,4309778.0,4335511.666666667,3114615.8333333335,720383.3310466558,5248176.937007874,2322187.0218024384,567.0,9239910.0
255,2021-05-01,3622802,2643048.0,4315210.0,4307653.0,397727.0,3393863.3333333335,4102112.1666666665,2917835.5833333335,1004692.8967457537,5237960.7450980395,2323345.9792918502,567.0,9239910.0
256,2021-06-01,4205406,3622802.0,3223332.0,4732638.0,548123.0,3163060.6666666665,3987970.3333333335,3186591.8333333335,1015515.6460497658,5231651.53125,2320982.236646097,567.0,9239910.0
257,2021-07-01,5801892,4205406.0,2643048.0,5390792.0,787963.0,3490418.6666666665,3900098.3333333335,3491365.4166666665,959456.048176816,5227658.357976654,2317329.003884878,567.0,9239910.0
258,2021-08-01,5545333,5801892.0,3622802.0,4315210.0,1626252.0,4543366.666666667,3968615.0,3909192.8333333335,1092635.7016848782,5229884.069767442,2313092.4745553336,567.0,9239910.0
259,2021-09-01,5819710,5545333.0,4205406.0,3223332.0,2997844.0,5184210.333333333,4173635.5,4235782.916666667,1271453.892829743,5231102.01930502,2308688.5941257444,567.0,9239910.0
260,2021-10-01,6430338,5819710.0,5801892.0,2643048.0,4043445.0,5722311.666666667,4606365.166666667,4470938.416666667,1324079.2830428914,5233365.896153846,2304516.4881009986,567.0,9239910.0
261,2021-11-01,6777970,6430338.0,5545333.0,3622802.0,4307653.0,5931793.666666667,5237580.166666667,4669846.166666667,1081443.3023859279,5237951.996168583,2301273.4601330454,567.0,9239910.0
262,2021-12-01,7546149,6777970.0,5819710.0,4205406.0,4732638.0,6342672.666666667,5763441.5,4875705.916666667,889236.6997711676,5243829.9274809165,2298830.356678569,567.0,9239910.0
263,2022-01-01,7092258,7546149.0,6430338.0,5801892.0,5390792.0,6918152.333333333,6320232.0,5110165.166666667,754213.0981432379,5252583.992395437,2298826.950905145,567.0,9239910.0
264,2022-02-01,5470366,7092258.0,6777970.0,5545333.0,4315210.0,7138792.333333333,6535293.0,5251954.0,760792.6621365527,5259552.454545454,2297244.3258028827,567.0,9239910.0
265,2022-03-01,6428286,5470366.0,7546149.0,5819710.0,3223332.0,6702924.333333333,6522798.5,5348217.0,780658.6209543342,5260347.97735849,2292925.9271510392,567.0,9239910.0
266,2022-04-01,6108857,6428286.0,7092258.0,6430338.0,2643048.0,6330303.333333333,6624227.833333333,5615296.5,707108.3549517641,5264738.721804512,2289715.652002205,567.0,9239910.0
267,2022-05-01,6297955,6108857.0,5470366.0,6777970.0,3622802.0,6002503.0,6570647.666666667,5904113.916666667,736315.1432686208,5267900.213483146,2285991.3984734807,567.0,9239910.0
268,2022-06-01,5977245,6297955.0,6428286.0,7546149.0,4205406.0,6278366.0,6490645.166666667,6127043.333333333,735360.631466078,5271743.701492538,2282573.8881231416,567.0,9239910.0
269,2022-07-01,7448195,5977245.0,6108857.0,7092258.0,5801892.0,6128019.0,6229161.166666667,6274696.583333333,537219.580240135,5274366.382899628,2278717.4080434777,567.0,9239910.0
270,2022-08-01,7261413,7448195.0,6297955.0,5470366.0,5545333.0,6574465.0,6288484.0,6411888.5,657725.8606349766,5282417.6,2278322.150345804,567.0,9239910.0
271,2022-09-01,6893943,7261413.0,5977245.0,6428286.0,5819710.0,6895617.666666667,6586991.833333333,6554895.166666667,617357.0695292877,5289720.166051661,2277274.3705221866,567.0,9239910.0
272,2022-10-01,7114646,6893943.0,7448195.0,6108857.0,6430338.0,7201183.666666667,6664601.333333333,6644414.583333333,622662.1598798906,5295618.044117647,2275149.141717225,567.0,9239910.0
273,2022-11-01,7192606,7114646.0,7261413.0,6297955.0,6777970.0,7090000.666666667,6832232.833333333,6701440.25,576823.6031822828,5302281.150183151,2273630.01943124,567.0,9239910.0
274,2022-12-01,7291021,7192606.0,6893943.0,5977245.0,7546149.0,7067065.0,6981341.333333333,6735993.25,524336.3983874214,5309180.145985401,2272333.4485202488,567.0,9239910.0
275,2023-01-01,7659682,7291021.0,7114646.0,7448195.0,7092258.0,7199424.333333333,7200304.0,6714732.583333333,186905.02740169334,5316386.84,2271329.3318943474,567.0,9239910.0
276,2023-02-01,6482457,7659682.0,7192606.0,7261413.0,5470366.0,7381103.0,7235551.833333333,6762017.916666667,251710.62226889585,5324877.039855072,2271579.2320503886,567.0,9239910.0
277,2023-03-01,7314069,6482457.0,7291021.0,6893943.0,6428286.0,7144386.666666667,7105725.833333333,6846358.833333333,395511.1814376346,5329056.028880866,2268526.7923560725,567.0,9239910.0
278,2023-04-01,6865855,7314069.0,7659682.0,7114646.0,6108857.0,7152069.333333333,7175746.833333333,6920174.083333333,387629.3944393204,5336196.363309353,2267555.7490167157,567.0,9239910.0
279,2023-05-01,7308869,6865855.0,6482457.0,7192606.0,6297955.0,6887460.333333333,7134281.666666667,6983257.25,408231.8491787403,5341679.010752688,2265325.5699381554,567.0,9239910.0
280,2023-06-01,7002231,7308869.0,7314069.0,7291021.0,5977245.0,7162931.0,7153658.833333333,7067500.083333333,414268.60247741913,5348704.689285714,2264316.1423600265,567.0,9239910.0
281,2023-07-01,8191048,7002231.0,6865855.0,7659682.0,7448195.0,7058985.0,7105527.166666667,7152915.583333333,411886.9881054674,5354589.12455516,2262420.4938782966,567.0,9239910.0
282,2023-08-01,8171315,8191048.0,7308869.0,6482457.0,7261413.0,7500716.0,7194088.166666667,7214820.0,578353.5338909882,5364647.489361702,2264698.9118442573,567.0,9239910.0
283,2023-09-01,7485686,8171315.0,7002231.0,7314069.0,6893943.0,7788198.0,7475564.5,7290645.166666667,573697.4568316742,5374565.042402827,2266827.956481809,567.0,9239910.0
284,2023-10-01,7627557,7485686.0,8191048.0,6865855.0,7114646.0,7949349.666666667,7504167.333333333,7339957.083333333,568288.0916699714,5381998.566901408,2266284.3550804495,567.0,9239910.0
285,2023-11-01,7502556,7627557.0,8171315.0,7308869.0,7192606.0,7761519.333333333,7631117.666666667,7382699.666666667,474518.8779855857,5389877.719298245,2266197.9636565815,567.0,9239910.0
286,2023-12-01,7755732,7502556.0,7485686.0,7002231.0,7291021.0,7538599.666666667,7663398.833333333,7408528.833333333,454372.5969868776,5397264.706293706,2265665.3993121143,567.0,9239910.0
287,2024-01-01,7756016,7755732.0,7627557.0,8191048.0,7659682.0,7628615.0,7788982.333333333,7447254.75,319069.7420507008,5405482.362369338,2265981.549827856,567.0,9239910.0
288,2024-02-01,6607778,7756016.0,7502556.0,8171315.0,6482457.0,7671434.666666667,7716477.0,7455282.583333333,251759.94125840082,5413643.9375,2266266.8855403615,567.0,9239910.0
289,2024-03-01,7422552,6607778.0,7755732.0,7485686.0,7314069.0,7373175.333333333,7455887.5,7465726.0,431696.62528392684,5417775.889273357,2263419.2026615962,567.0,9239910.0
290,2024-04-01,7185319,7422552.0,7756016.0,7627557.0,6865855.0,7262115.333333333,7445365.166666667,7474766.25,431594.45533347357,5424688.910344828,2262564.622904047,567.0,9239910.0
291,2024-05-01,7120710,7185319.0,6607778.0,7502556.0,7308869.0,7071883.0,7371658.833333333,7501388.25,432019.2756340821,5430739.18556701,2261017.1516835494,567.0,9239910.0
292,2024-06-01,7235961,7120710.0,7422552.0,7755732.0,7002231.0,7242860.333333333,7308017.833333333,7485708.333333333,436976.7636890963,5436526.756849315,2259294.512478171,567.0,9239910.0
293,2024-07-01,8025763,7235961.0,7185319.0,7756016.0,8191048.0,7180663.333333333,7221389.333333333,7505185.833333333,378010.7644349503,5442668.170648464,2257871.099606747,567.0,9239910.0
294,2024-08-01,7807978,8025763.0,7120710.0,6607778.0,8171315.0,7460811.333333333,7266347.166666667,7491412.083333333,461199.4736317421,5451454.207482994,2259043.561580303,567.0,9239910.0
295,2024-09-01,7644440,7807978.0,7235961.0,7422552.0,7485686.0,7689900.666666667,7466380.5,7461134.0,369620.17749513016,5459442.423728813,2259368.0857622,567.0,9239910.0
296,2024-10-01,7881866,7644440.0,8025763.0,7185319.0,7627557.0,7826060.333333333,7503361.833333333,7474363.5,375412.8160025955,5466824.172297297,2259108.0169492126,567.0,9239910.0
297,2024-11-01,7767148,7881866.0,7807978.0,7120710.0,7502556.0,7778094.666666667,7619453.0,7495555.916666667,364945.23385740136,5474955.626262627,2259638.2556549655,567.0,9239910.0
298,2024-12-01,7963519,7767148.0,7644440.0,7235961.0,7755732.0,7764484.666666667,7727192.666666667,7517605.25,271789.3805546889,5482647.546979866,2259735.5170293204,567.0,9239910.0
299,2025-01-01,8033760,7963519.0,7881866.0,8025763.0,7756016.0,7870844.333333333,7848452.333333333,7534920.833333333,138322.4362433778,5490944.775919733,2260498.4802938006,567.0,9239910.0
300,2025-02-01,7150392,8033760.0,7767148.0,7807978.0,6607778.0,7921475.666666667,7849785.166666667,7558066.166666667,140395.64237184625,5499420.826666667,2261485.485174841,567.0,9239910.0
301,2025-03-01,7796647,7150392.0,7963519.0,7644440.0,7422552.0,7715890.333333333,7740187.5,7603284.0,320589.3800947482,5504905.780730897,2259717.765276171,567.0,9239910.0
302,2025-04-01,7873317,7796647.0,8033760.0,7881866.0,7185319.0,7660266.333333333,7765555.333333333,7634458.583333333,317504.8606631117,5512494.32781457,2259812.1231711125,567.0,9239910.0
303,2025-05-01,8152079,7873317.0,7150392.0,7767148.0,7120710.0,7606785.333333333,7764130.5,7691791.75,316897.11499023676,5520285.821782178,2260140.5701135197,567.0,9239910.0
304,2025-06-01,8162081,8152079.0,7796647.0,7963519.0,7235961.0,7940681.0,7828285.666666667,7777739.166666667,354377.91362654476,5528943.03618421,2261450.9793014335,567.0,9239910.0
305,2025-07-01,8731470,8162081.0,7873317.0,8033760.0,8025763.0,8062492.333333333,7861379.333333333,7854915.833333333,378015.5165602375,5537576.275409836,2262757.19980138,567.0,9239910.0
306,2025-08-01,8639852,8731470.0,8152079.0,7150392.0,7807978.0,8348543.333333333,7977664.333333333,7913724.75,521668.11680061935,5548013.836601308,2266411.1478750077,567.0,9239910.0
307,2025-09-01,8450568,8639852.0,8162081.0,7796647.0,7644440.0,8511134.333333334,8225907.666666667,7983047.583333333,386018.8071976642,5558084.970684039,2269575.1738400804,567.0,9239910.0
308,2025-10-01,8894059,8450568.0,8731470.0,7873317.0,7881866.0,8607296.666666666,8334894.5,8050224.916666667,328630.9066225237,5567476.14935065,2271861.98655058,567.0,9239910.0
309,2025-11-01,8603498,8894059.0,8639852.0,8152079.0,7767148.0,8661493.0,8505018.166666666,8134574.333333333,305270.41839361016,5578241.789644013,2276051.850921383,567.0,9239910.0
310,2025-12-01,8729241,8603498.0,8450568.0,8162081.0,7963519.0,8649375.0,8580254.666666666,8204270.166666667,251840.89355922784,5588000.680645161,2278852.800472321,567.0,9239910.0
311,2026-01-01,52,8729241.0,8894059.0,8731470.0,8033760.0,8742266.0,8674781.333333334,8268080.333333333,148885.96045534627,5598101.131832797,2282136.2512274254,567.0,9239910.0
