,year_month,cargo,lag_1,lag_3,lag_6,lag_12,roll_mean_3,roll_mean_6,roll_mean_12,roll_std_6,exp_mean,exp_std,exp_min,exp_max
96,2008-01-01,16261925.0,19182748.0,20453838.0,16161367.0,16255888.0,20115754.666666668,19259055.0,18440756.916666668,1649098.593758196,21595478.729166668,3208429.200835147,14073391.0,29708539.0
97,2008-02-01,18500543.0,16261925.0,20710678.0,19121448.0,15115814.0,18718450.333333332,19275814.666666668,18441260.0,1611400.8087792208,21540493.63917526,3237291.2311121877,14073391.0,29708539.0
98,2008-03-01,24112364.0,18500543.0,19182748.0,19924251.0,18263217.0,17981738.666666668,19172330.5,18723320.75,1642925.8099820463,21509473.734693877,3235167.954583983,14073391.0,29708539.0
99,2008-04-01,24169469.0,24112364.0,16261925.0,20453838.0,18117040.0,19624944.0,19870349.333333332,19210749.666666668,2623402.023259095,21535765.555555556,3229233.2402635505,14073391.0,29708539.0
100,2008-05-01,23648383.0,24169469.0,18500543.0,20710678.0,20023235.0,22260792.0,20489621.166666668,19715118.75,3170242.140311398,21562102.59,3223659.1719881715,14073391.0,29708539.0
101,2008-06-01,22237129.0,23648383.0,24112364.0,19182748.0,17959559.0,23976738.666666668,20979238.666666668,20017214.416666668,3427615.338959534,21582758.83168317,3214211.1606022166,14073391.0,29708539.0
102,2008-07-01,25918520.0,22237129.0,24169469.0,16261925.0,16161367.0,23351660.333333332,21488302.166666668,20373678.583333332,3332949.746168785,21589174.225490198,3198915.875713134,14073391.0,29708539.0
103,2008-08-01,28812744.0,25918520.0,23648383.0,18500543.0,19121448.0,23934677.333333332,23097734.666666668,21186774.666666668,2542162.2286008843,21631206.708737865,3211652.5012412374,14073391.0,29708539.0
104,2008-09-01,28765001.0,28812744.0,22237129.0,24112364.0,19924251.0,25656131.0,24816434.833333332,21994382.666666668,2285455.0035055303,21700259.951923076,3272686.5717398017,14073391.0,29708539.0
105,2008-10-01,27274088.0,28765001.0,25918520.0,24169469.0,20453838.0,27832088.333333332,25591874.333333332,22731111.833333332,2742412.9299022313,21767543.2,3329088.578244493,14073391.0,29708539.0
106,2008-11-01,28744841.0,27274088.0,28812744.0,23648383.0,20710678.0,28283944.333333332,26109310.833333332,23299466.0,2713090.7131648255,21819491.735849056,3356089.52988224,14073391.0,29708539.0
107,2008-12-01,27606999.0,28744841.0,28765001.0,22237129.0,19182748.0,28261310.0,26958720.5,23968979.583333332,2583221.974855457,21884214.626168225,3406656.3750751764,14073391.0,29708539.0
108,2009-01-01,17315124.0,27606999.0,27274088.0,25918520.0,16261925.0,27875309.333333332,27853698.833333332,24671000.5,1156382.3134892543,21937203.37037037,3435125.9068507515,14073391.0,29708539.0
109,2009-02-01,16600333.0,17315124.0,28744841.0,28812744.0,18500543.0,24555654.666666668,26419799.5,24758767.083333332,4509242.483760144,21894798.972477064,3447727.7148983264,14073391.0,29708539.0
110,2009-03-01,22654111.0,16600333.0,27606999.0,28765001.0,24112364.0,20507485.333333332,24384397.666666668,24600416.25,5788003.353704261,21846667.463636365,3468804.344246599,14073391.0,29708539.0
111,2009-04-01,15084453.0,22654111.0,17315124.0,27274088.0,24169469.0,18856522.666666668,23365916.0,24478895.166666668,5386748.389618281,21853941.72972973,3453851.449113348,14073391.0,29708539.0
112,2009-05-01,17718130.0,15084453.0,16600333.0,28744841.0,23648383.0,18112965.666666668,21334310.166666668,23721810.5,5892869.904076567,21793499.86607143,3497253.3607976492,14073391.0,29708539.0
113,2009-06-01,16596699.0,17718130.0,22654111.0,27606999.0,22237129.0,18485564.666666668,19496525.0,23227622.75,4722830.600073355,21757434.6460177,3502649.965129747,14073391.0,29708539.0
114,2009-07-01,25457745.0,16596699.0,15084453.0,17315124.0,25918520.0,16466427.333333334,17661475.0,22757586.916666668,2605778.029516195,21712165.03508772,3520455.9327037153,14073391.0,29708539.0
115,2009-08-01,25517500.0,25457745.0,17718130.0,16600333.0,28812744.0,19924191.333333332,19018578.5,22719189.0,4088077.3753678347,21744735.295652173,3522341.3537823264,14073391.0,29708539.0
116,2009-09-01,26225455.0,25517500.0,16596699.0,22654111.0,28765001.0,22523981.333333332,20504773.0,22444585.333333332,4619465.509101288,21777259.129310343,3524444.2677258197,14073391.0,29708539.0
117,2009-10-01,28401458.0,26225455.0,25457745.0,15084453.0,27274088.0,25733566.666666668,21099997.0,22232956.5,5151273.76470531,21815277.897435896,3533233.4538265755,14073391.0,29708539.0
118,2009-11-01,28176173.0,28401458.0,25517500.0,17718130.0,28744841.0,26714804.333333332,23319497.833333332,22326904.0,4903989.527278512,21871092.98305085,3569964.73717755,14073391.0,29708539.0
119,2009-12-01,38659072.0,28176173.0,26225455.0,16596699.0,27606999.0,27601028.666666668,25062505.0,22279515.0,4341177.1350681735,21924076.848739497,3601487.2266934114,14073391.0,29708539.0
120,2010-01-01,20693695.0,38659072.0,28401458.0,25457745.0,17315124.0,31745567.666666668,28739567.166666668,23200521.083333332,5025955.44112476,22063535.141666666,3898146.551234207,14073391.0,38659072.0
121,2010-02-01,20360178.0,20693695.0,28176173.0,25517500.0,16600333.0,29176313.333333332,27945558.833333332,23482068.666666668,5941113.486025292,22052214.14876033,3883867.2648493373,14073391.0,38659072.0
122,2010-03-01,26952615.0,20360178.0,38659072.0,26225455.0,22654111.0,26570981.666666668,27086005.166666668,23795389.083333332,6688702.189848942,22038345.0,3870817.402458079,14073391.0,38659072.0
123,2010-04-01,25370284.0,26952615.0,20693695.0,28401458.0,15084453.0,22668829.333333332,27207198.5,24153597.75,6676568.045416699,22078298.414634146,3880303.58233271,14073391.0,38659072.0
124,2010-05-01,28679330.0,25370284.0,20360178.0,28176173.0,17718130.0,24227692.333333332,26702002.833333332,25010750.333333332,6682805.810176653,22104846.68548387,3875788.9218192594,14073391.0,38659072.0
125,2010-06-01,26082359.0,28679330.0,26952615.0,38659072.0,16596699.0,27000743.0,26785862.333333332,25924183.666666668,6708113.267260186,22157442.552,3904662.2582096225,14073391.0,38659072.0
126,2010-07-01,28850857.0,26082359.0,25370284.0,20693695.0,25457745.0,26710657.666666668,24689743.5,26714655.333333332,3410379.515614562,22188592.682539683,3904699.4649516526,14073391.0,38659072.0
127,2010-08-01,29220109.0,28850857.0,28679330.0,20360178.0,25517500.0,27870848.666666668,26049270.5,26997414.666666668,3111591.945155177,22241051.45669291,3933848.8469337197,14073391.0,38659072.0
128,2010-09-01,33558341.0,29220109.0,26082359.0,26952615.0,26225455.0,28051108.333333332,27525925.666666668,27305965.416666668,1613406.4954523093,22295575.34375,3966590.5245034965,14073391.0,38659072.0
129,2010-10-01,35378575.0,33558341.0,28850857.0,25370284.0,28401458.0,30543102.333333332,28626880.0,27917039.25,2891509.971162022,22382883.604651164,4073604.330740255,14073391.0,38659072.0
130,2010-11-01,36211343.0,35378575.0,29220109.0,28679330.0,28176173.0,32719008.333333332,30294928.5,28498465.666666668,3466693.0248391535,22482850.46153846,4214825.387961638,14073391.0,38659072.0
131,2010-12-01,37480104.0,36211343.0,33558341.0,26082359.0,38659072.0,35049419.666666664,31550264.0,29168063.166666668,4075006.7818247485,22587648.114503816,4366556.412236413,14073391.0,38659072.0
132,2011-01-01,26660283.0,37480104.0,35378575.0,28850857.0,20693695.0,36356674.0,33449888.166666668,29069815.833333332,3650807.7694849656,22700469.75,4538882.894000062,14073391.0,38659072.0
133,2011-02-01,30018492.0,26660283.0,36211343.0,29220109.0,20360178.0,33450576.666666668,33084792.5,29567031.5,4261217.394618625,22730242.78195489,4534675.503376583,14073391.0,38659072.0
134,2011-03-01,33474025.0,30018492.0,37480104.0,33558341.0,26952615.0,31386293.0,33217856.333333332,30371891.0,4126743.3339058417,22784632.701492537,4561258.386366737,14073391.0,38659072.0
135,2011-04-01,32510463.0,33474025.0,26660283.0,35378575.0,25370284.0,30050933.333333332,33203803.666666668,30915341.833333332,4125495.374681337,22863813.385185186,4636400.509127175,14073391.0,38659072.0
136,2011-05-01,35185885.0,32510463.0,30018492.0,36211343.0,28679330.0,32000993.333333332,32725785.0,31510356.75,3986944.7020559562,22934744.63235294,4692678.061233417,14073391.0,38659072.0
137,2011-06-01,32149309.0,35185885.0,33474025.0,37480104.0,26082359.0,33723457.666666664,32554875.333333332,32052569.666666668,3826391.43423502,23024169.01459854,4791122.755258587,14073391.0,38659072.0
138,2011-07-01,34017918.0,32149309.0,32510463.0,26660283.0,28850857.0,33281885.666666668,31666409.5,32558148.833333332,2979152.042098896,23090293.217391305,4836392.887293738,14073391.0,38659072.0
139,2011-08-01,32573189.0,34017918.0,35185885.0,30018492.0,29220109.0,33784370.666666664,32892682.0,32988737.25,1778907.4554760987,23168909.22302158,4907166.654337083,14073391.0,38659072.0
140,2011-09-01,34152855.0,32573189.0,32149309.0,33474025.0,33558341.0,32913472.0,33318464.833333332,33268160.583333332,1146814.7339237442,23236082.65,4953661.556561813,14073391.0,38659072.0
141,2011-10-01,34730374.0,34152855.0,34017918.0,32510463.0,35378575.0,33581320.666666664,33431603.166666668,33317703.416666668,1197591.4545188525,23313506.567375887,5020827.145016265,14073391.0,38659072.0
142,2011-11-01,36544006.0,34730374.0,32573189.0,35185885.0,36211343.0,33818806.0,33801588.333333336,33263686.666666668,1199007.8222624979,23393907.04225352,5093902.397958266,14073391.0,38659072.0
143,2011-12-01,35386205.0,36544006.0,34152855.0,32149309.0,37480104.0,35142411.666666664,34027941.833333336,33291408.583333332,1580206.3627615678,23485865.776223775,5193686.245096877,14073391.0,38659072.0
144,2012-01-01,23537073.0,35386205.0,34730374.0,34017918.0,26660283.0,35553528.333333336,34567424.5,33116917.0,1345706.429070117,23568507.020833332,5269649.291134602,14073391.0,38659072.0
145,2012-02-01,26872776.0,23537073.0,36544006.0,32573189.0,30018492.0,31822428.0,32820617.0,32856649.5,4735257.271445263,23568290.234482758,5251320.669507566,14073391.0,38659072.0
146,2012-03-01,30803462.0,26872776.0,35386205.0,34152855.0,33474025.0,28598684.666666668,31870548.166666668,32594506.5,5329411.118529801,23590923.698630136,5240322.402341574,14073391.0,38659072.0
147,2012-04-01,29830442.0,30803462.0,23537073.0,34730374.0,32510463.0,27071103.666666668,31312316.0,32371959.583333332,5216763.821484515,23639988.585034013,5256117.612504655,14073391.0,38659072.0
148,2012-05-01,27625564.0,29830442.0,26872776.0,36544006.0,35185885.0,29168893.333333332,30495660.666666668,32148624.5,4951452.277978456,23681815.972972974,5262866.673788405,14073391.0,38659072.0
149,2012-06-01,31466326.0,27625564.0,30803462.0,35386205.0,32149309.0,29419822.666666668,29009253.666666668,31518597.75,4024498.410792396,23708284.080536913,5254997.821884993,14073391.0,38659072.0
150,2012-07-01,31133958.0,31466326.0,29830442.0,23537073.0,34017918.0,29640777.333333332,28355940.5,31461682.5,2959517.6929169716,23760004.36,5275501.361914282,14073391.0,38659072.0
151,2012-08-01,31295371.0,31133958.0,27625564.0,26872776.0,32573189.0,30075282.666666668,29622088.0,31221352.5,1932399.812184587,23808838.490066227,5292020.011292517,14073391.0,38659072.0
152,2012-09-01,32439184.0,31295371.0,31466326.0,30803462.0,34152855.0,31298551.666666668,30359187.166666668,31114867.666666668,1459596.76667193,23858091.99342105,5309307.584503154,14073391.0,38659072.0
153,2012-10-01,34611104.0,32439184.0,31133958.0,29830442.0,34730374.0,31622837.666666668,30631807.5,30972061.75,1693232.9567226332,23914177.562091503,5337093.794266098,14073391.0,38659072.0
154,2012-11-01,38147669.0,34611104.0,31295371.0,27625564.0,36544006.0,32781886.333333332,31428584.5,30962122.583333332,2267980.6733129863,23983638.123376623,5389008.352374536,14073391.0,38659072.0
155,2012-12-01,37706915.0,38147669.0,32439184.0,31466326.0,35386205.0,35065985.666666664,33182268.666666668,31095761.166666668,2754972.3892925493,24075018.967741936,5490642.178473571,14073391.0,38659072.0
156,2013-01-01,28077358.0,37706915.0,34611104.0,31133958.0,23537073.0,36821896.0,34222366.833333336,31289153.666666668,3130064.0363245187,24162402.916666668,5580668.659474733,14073391.0,38659072.0
157,2013-02-01,27565442.0,28077358.0,38147669.0,31295371.0,26872776.0,34643980.666666664,33712933.5,31667510.75,3889787.523007588,24187338.93630573,5571520.971714913,14073391.0,38659072.0
158,2013-03-01,32583120.0,27565442.0,37706915.0,32439184.0,30803462.0,31116571.666666668,33091278.666666668,31725232.916666668,4588693.709130161,24208719.33544304,5560247.509432459,14073391.0,38659072.0
159,2013-04-01,32444794.0,32583120.0,28077358.0,34611104.0,29830442.0,29408640.0,33115268.0,31873537.75,4584977.527285914,24261388.52201258,5582271.233191563,14073391.0,38659072.0
160,2013-05-01,33560485.0,32444794.0,27565442.0,38147669.0,27625564.0,30864452.0,32754216.333333332,32091400.416666668,4528574.937844084,24312534.80625,5602170.7436608495,14073391.0,38659072.0
161,2013-06-01,31158462.0,33560485.0,32583120.0,37706915.0,31466326.0,32862799.666666668,31989685.666666668,32585977.166666668,3757489.8400921873,24369975.49068323,5631995.529859369,14073391.0,38659072.0
162,2013-07-01,30848178.0,31158462.0,32444794.0,28077358.0,31133958.0,32387913.666666668,30898276.833333332,32560321.833333332,2508020.3977325233,24411879.728395063,5639754.006832957,14073391.0,38659072.0
163,2013-08-01,32713155.0,30848178.0,33560485.0,27565442.0,31295371.0,31855708.333333332,31360080.166666668,32536506.833333332,2107898.6927265655,24451366.220858894,5644876.763337632,14073391.0,38659072.0
164,2013-09-01,30414782.0,32713155.0,31158462.0,32583120.0,32439184.0,31573265.0,32218032.333333332,32654655.5,1022861.2477692135,24501742.981707316,5664392.931341658,14073391.0,38659072.0
165,2013-10-01,33825203.0,30414782.0,30848178.0,32444794.0,34611104.0,31325371.666666668,31856642.666666668,32485955.333333332,1230124.6663825675,24537579.581818182,5665828.106632301,14073391.0,38659072.0
166,2013-11-01,36772092.0,33825203.0,32713155.0,33560485.0,38147669.0,32317713.333333332,32086710.833333332,32420463.583333332,1468179.355624204,24593529.120481927,5694443.886686644,14073391.0,38659072.0
167,2013-12-01,32170938.0,36772092.0,30414782.0,31158462.0,37706915.0,33670692.333333336,32621978.666666668,32305832.166666668,2401644.002079316,24666454.64670659,5754952.456115308,14073391.0,38659072.0
168,2014-01-01,26115163.0,32170938.0,33825203.0,30848178.0,28077358.0,34256077.666666664,32790724.666666668,31844500.75,2312149.4302011575,24711124.19047619,5766834.434382983,14073391.0,38659072.0
169,2014-02-01,28843573.0,26115163.0,36772092.0,32713155.0,27565442.0,31686064.333333332,32001888.833333332,31680984.5,3571728.9684265107,24719432.112426035,5750659.909887024,14073391.0,38659072.0
170,2014-03-01,30441424.0,28843573.0,32170938.0,30414782.0,32583120.0,29043224.666666668,31356958.5,31787495.416666668,3761906.1033897293,24743691.76470588,5742339.124494953,14073391.0,38659072.0
171,2014-04-01,31736504.0,30441424.0,26115163.0,33825203.0,32444794.0,28466720.0,31361398.833333332,31609020.75,3760587.087617619,24777011.83625731,5741980.5000378685,14073391.0,38659072.0
172,2014-05-01,32808330.0,31736504.0,28843573.0,36772092.0,33560485.0,30340500.333333332,31013282.333333332,31549996.583333332,3579199.311207033,24817474.0,5749706.7027888615,14073391.0,38659072.0
173,2014-06-01,23406164.0,32808330.0,30441424.0,32170938.0,31158462.0,31662086.0,30352655.333333332,31487317.0,2509704.273282524,24863663.919075146,5765068.944284605,14073391.0,38659072.0
174,2014-07-01,29813409.0,23406164.0,31736504.0,26115163.0,30848178.0,29316999.333333332,28891859.666666668,30841292.166666668,3567551.6480164807,24855287.48275862,5749444.570169883,14073391.0,38659072.0
175,2014-08-01,32122496.0,29813409.0,32808330.0,28843573.0,32713155.0,28675967.666666668,29508234.0,30755061.416666668,3301418.7461956986,24883619.605714284,5745137.884660842,14073391.0,38659072.0
176,2014-09-01,32958149.0,32122496.0,23406164.0,30441424.0,30414782.0,28447356.333333332,30054721.166666668,30705839.833333332,3437950.8695848584,24924749.585227273,5754627.264687142,14073391.0,38659072.0
177,2014-10-01,35299123.0,32958149.0,29813409.0,31736504.0,33825203.0,31631351.333333332,30474175.333333332,30917787.083333332,3642038.830733651,24970136.02259887,5769938.019591363,14073391.0,38659072.0
178,2014-11-01,36016563.0,35299123.0,32122496.0,32808330.0,36772092.0,33459922.666666668,31067945.166666668,31040613.75,4144719.649297932,25028164.039325844,5805468.45136188,14073391.0,38659072.0
179,2014-12-01,33518095.0,36016563.0,32958149.0,23406164.0,32170938.0,34757945.0,31602650.666666668,30977653.0,4596475.260855607,25089551.74301676,5847107.936079271,14073391.0,38659072.0
180,2015-01-01,25722551.0,33518095.0,35299123.0,29813409.0,26115163.0,34944593.666666664,33287972.5,31089916.083333332,2239758.8863126007,25136376.983333334,5864498.411328056,14073391.0,38659072.0
181,2015-02-01,24133429.0,25722551.0,36016563.0,32122496.0,28843573.0,31752403.0,32606162.833333332,31057198.416666668,3673048.4279914154,25139615.513812155,5848347.749095656,14073391.0,38659072.0
182,2015-03-01,30611391.0,24133429.0,33518095.0,32958149.0,30441424.0,27791358.333333332,31274651.666666668,30664686.416666668,5066994.708008846,25134087.016483516,5832646.5944755385,14073391.0,38659072.0
183,2015-04-01,27402779.0,30611391.0,25722551.0,35299123.0,31736504.0,26822457.0,30883525.333333332,30678850.333333332,5001200.844673097,25164017.639344264,5830676.086273012,14073391.0,38659072.0
184,2015-05-01,30358978.0,27402779.0,24133429.0,36016563.0,32808330.0,27382533.0,29567468.0,30317706.583333332,4632193.871141706,25176184.820652176,5817065.262185033,14073391.0,38659072.0
185,2015-06-01,25468233.0,30358978.0,30611391.0,33518095.0,23406164.0,29457716.0,28624537.166666668,30113593.916666668,3492479.0828746646,25204199.91891892,5813737.283500068,14073391.0,38659072.0
186,2015-07-01,27291430.0,25468233.0,27402779.0,25722551.0,29813409.0,27743330.0,27282893.5,30285433.0,2690812.222214132,25205619.451612905,5798035.510622413,14073391.0,38659072.0
187,2015-08-01,49359.0,27291430.0,30358978.0,24133429.0,32122496.0,27706213.666666668,27544373.333333332,30075268.083333332,2582925.7059067897,25216773.518716577,5784439.759734761,14073391.0,38659072.0
188,2015-09-01,27675088.0,49359.0,25468233.0,30611391.0,32958149.0,17603007.333333332,23530361.666666668,27402506.666666668,11670690.296597397,25082904.29255319,6053920.756948849,49359.0,38659072.0
189,2015-10-01,28938006.0,27675088.0,27291430.0,27402779.0,35299123.0,18338625.666666668,23040977.833333332,26962251.583333332,11372122.587592829,25096619.55026455,6040741.876765152,49359.0,38659072.0
190,2015-11-01,29560966.0,28938006.0,49359.0,30358978.0,36016563.0,18887484.333333332,23296849.0,26432158.5,11506369.29872783,25116837.37368421,6031181.902064189,49359.0,38659072.0
191,2015-12-01,28911934.0,29560966.0,27675088.0,25468233.0,33518095.0,28724686.666666668,23163847.0,25894192.083333332,11412642.38271362,25140105.062827226,6023878.447831606,49359.0,38659072.0
192,2016-01-01,21072642.0,28911934.0,28938006.0,27291430.0,25722551.0,29136968.666666668,23737797.166666668,25510345.333333332,11636114.70670712,25159750.005208332,6014251.743911697,49359.0,38659072.0
193,2016-02-01,9659.0,21072642.0,29560966.0,49359.0,24133429.0,26515180.666666668,22701332.5,25122852.916666668,11532779.535350565,25138573.279792745,6005779.201006684,49359.0,38659072.0
194,2016-03-01,25166967.0,9659.0,28911934.0,27675088.0,30611391.0,16664745.0,22694715.833333332,23112538.75,11548375.63607313,25009042.793814432,6255993.629391851,9659.0,38659072.0
195,2016-04-01,25774075.0,25166967.0,21072642.0,28938006.0,27402779.0,15416422.666666666,22276695.666666668,22658836.75,11376153.769296318,25009852.661538463,6239859.351242732,9659.0,38659072.0
196,2016-05-01,24819923.0,25774075.0,9659.0,29560966.0,30358978.0,16983567.0,21749373.833333332,22523111.416666668,11074967.899386145,25013751.755102042,6224078.5261042,9659.0,38659072.0
197,2016-06-01,25360273.0,24819923.0,25166967.0,28911934.0,25468233.0,25253655.0,20959200.0,22061523.5,10563480.692910358,25012767.85279188,6208195.83013688,9659.0,38659072.0
198,2016-07-01,26151622.0,25360273.0,25774075.0,21072642.0,27291430.0,25318090.333333332,20367256.5,22052526.833333332,10118860.653066326,25014522.92929293,6192468.186374259,9659.0,38659072.0
199,2016-08-01,27708167.0,26151622.0,24819923.0,9659.0,49359.0,25443939.333333332,21213753.166666668,21957542.833333332,10398256.396865604,25020236.994974874,6177336.779448312,9659.0,38659072.0
200,2016-09-01,27597035.0,27708167.0,25360273.0,25166967.0,27675088.0,26406687.333333332,25830171.166666668,24262443.5,1030979.2607186126,25033676.645,6164726.94413166,9659.0,38659072.0
201,2016-10-01,28036433.0,27597035.0,26151622.0,25774075.0,28938006.0,27152274.666666668,26235182.5,24255939.083333332,1184259.6115924846,25046429.67164179,6151953.314323681,9659.0,38659072.0
202,2016-11-01,30476947.0,28036433.0,27708167.0,24819923.0,29560966.0,27780545.0,26612242.166666668,24180808.0,1355816.611646208,25061231.66831683,6140235.859394532,9659.0,38659072.0
203,2016-12-01,31503349.0,30476947.0,27597035.0,25360273.0,28911934.0,28703471.666666668,27555079.5,24257139.75,1765280.4566360062,25087910.068965517,6136801.529346185,9659.0,38659072.0
204,2017-01-01,22244516.0,31503349.0,28036433.0,26151622.0,21072642.0,30005576.333333332,28578925.5,24473091.0,2003155.9167871356,25119358.29901961,6138124.170148504,9659.0,38659072.0
205,2017-02-01,24682190.0,22244516.0,30476947.0,27708167.0,9659.0,28074937.333333332,27927741.166666668,24570747.166666668,3217199.5073822285,25105334.678048782,6126352.500997756,9659.0,38659072.0
206,2017-03-01,27944098.0,24682190.0,31503349.0,27597035.0,25166967.0,26143351.666666668,27423411.666666668,26626791.416666668,3484570.6606371193,25103280.577669904,6111463.022079057,9659.0,38659072.0
207,2017-04-01,23859945.0,27944098.0,22244516.0,28036433.0,25774075.0,24956934.666666668,27481255.5,26858219.0,3490904.1002691323,25117004.333333332,6099807.896203949,9659.0,38659072.0
208,2017-05-01,29200908.0,23859945.0,24682190.0,30476947.0,24819923.0,25495411.0,26785174.166666668,26698708.166666668,3763789.301530917,25110960.778846152,6085680.4340140615,9659.0,38659072.0
209,2017-06-01,27386627.0,29200908.0,27944098.0,31503349.0,25360273.0,27001650.333333332,26572501.0,27063790.25,3543042.57883662,25130529.90430622,6077621.880001364,9659.0,38659072.0
210,2017-07-01,27817579.0,27386627.0,23859945.0,22244516.0,26151622.0,26815826.666666668,25886380.666666668,27232653.083333332,2694094.506550874,25141273.223809525,6065063.173390191,9659.0,38659072.0
211,2017-08-01,29604405.0,27817579.0,29200908.0,24682190.0,27708167.0,28135038.0,26815224.5,27371482.833333332,2077525.9133480669,25153957.13744076,6053409.841015643,9659.0,38659072.0
212,2017-09-01,27924735.0,29604405.0,27386627.0,27944098.0,27597035.0,28269537.0,27635593.666666668,27529502.666666668,2038245.7098617393,25174949.816037737,6046778.511336846,9659.0,38659072.0
213,2017-10-01,29956164.0,27924735.0,27817579.0,23859945.0,28036433.0,28448906.333333332,27632366.5,27556811.0,2037674.8105709653,25187859.605633803,6035441.99131015,9659.0,38659072.0
214,2017-11-01,32517448.0,29956164.0,29604405.0,29200908.0,30476947.0,29161768.0,28648403.0,27716788.583333332,1071025.9566907752,25210141.40186916,6030073.772651142,9659.0,38659072.0
215,2017-12-01,34896076.0,32517448.0,27924735.0,27386627.0,31503349.0,30132782.333333332,29201159.666666668,27886830.333333332,1926992.000048777,25244128.874418605,6036574.498908504,9659.0,38659072.0
216,2018-01-01,25959072.0,34896076.0,29956164.0,27817579.0,22244516.0,32456562.666666668,30452734.5,28169557.583333332,2767937.741565923,25288813.814814813,6058220.771250248,9659.0,38659072.0
217,2018-02-01,26072804.0,25959072.0,32517448.0,29604405.0,24682190.0,31124198.666666668,30142983.333333332,28479103.916666668,3193138.899238282,25291902.562211983,6044352.1013101535,9659.0,38659072.0
218,2018-03-01,33934029.0,26072804.0,34896076.0,27924735.0,27944098.0,28975984.0,29554383.166666668,28594988.416666668,3610492.276582272,25295484.678899083,6030640.867386368,9659.0,38659072.0
219,2018-04-01,32145465.0,33934029.0,25959072.0,29956164.0,23859945.0,28655301.666666668,30555932.166666668,29094149.333333332,3890635.2817556304,25334930.08675799,6045043.556567999,9659.0,38659072.0
220,2018-05-01,33641546.0,32145465.0,26072804.0,32517448.0,29200908.0,30717432.666666668,30920815.666666668,29784609.333333332,3925640.51948909,25365887.063636363,6048679.542381886,9659.0,38659072.0
221,2018-06-01,34682369.0,33641546.0,33934029.0,34896076.0,27386627.0,33240346.666666668,31108165.333333332,30154662.5,4042172.8511914667,25403333.484162897,6060537.569253892,9659.0,38659072.0
222,2018-07-01,378.0,34682369.0,32145465.0,25959072.0,27817579.0,33489793.333333332,31072547.5,30762641.0,4002870.461216674,25445130.941441443,6078795.61267439,9659.0,38659072.0
223,2018-08-01,35255378.0,378.0,33641546.0,26072804.0,29604405.0,22774764.333333332,26746098.5,28444540.916666668,13469506.150534483,25331028.9103139,6299889.26418723,378.0,38659072.0
224,2018-09-01,33370342.0,35255378.0,34682369.0,33934029.0,27924735.0,23312708.333333332,28276527.5,28915455.333333332,13892726.25712876,25375334.04017857,6320627.224433413,378.0,38659072.0
225,2018-10-01,34778815.0,33370342.0,378.0,32145465.0,29956164.0,22875366.0,28182579.666666668,29369255.916666668,13848652.49793751,25410867.408888888,6328986.363951005,378.0,38659072.0
226,2018-11-01,36968438.0,34778815.0,35255378.0,33641546.0,32517448.0,34468178.333333336,28621471.333333332,29771143.5,14039771.971654696,25452318.50442478,6345577.445355728,378.0,38659072.0
227,2018-12-01,37157293.0,36968438.0,33370342.0,34682369.0,34896076.0,35039198.333333336,29175953.333333332,30142059.333333332,14340167.26698748,25503050.308370043,6377492.997049734,378.0,38659072.0
228,2019-01-01,27770889.0,37157293.0,34778815.0,378.0,25959072.0,36301515.333333336,29588440.666666668,30330494.083333332,14564081.027002888,25554165.407894738,6410066.384963102,378.0,38659072.0
229,2019-02-01,30660506.0,27770889.0,36968438.0,35255378.0,26072804.0,33965540.0,34216859.166666664,30481478.833333332,3460600.3997306786,25563845.423580784,6397671.004447412,378.0,38659072.0
230,2019-03-01,31159200.0,30660506.0,37157293.0,33370342.0,33934029.0,31862896.0,33451047.166666668,30863787.333333332,3685894.572444769,25586004.817391306,6392526.786579398,378.0,38659072.0
231,2019-04-01,30894841.0,31159200.0,27770889.0,34778815.0,32145465.0,29863531.666666668,33082523.5,30632551.583333332,3804215.712862768,25610131.203463204,6389146.146160271,378.0,38659072.0
232,2019-05-01,31897300.0,30894841.0,30660506.0,36968438.0,33641546.0,30904849.0,32435194.5,30528332.916666668,3788261.522449269,25632910.125,6384735.9667540435,378.0,38659072.0
233,2019-06-01,28207922.0,31897300.0,31159200.0,37157293.0,34682369.0,31317113.666666668,31590004.833333332,30382979.083333332,3072705.232831358,25659795.918454934,6384165.245559774,378.0,38659072.0
234,2019-07-01,30481197.0,28207922.0,30894841.0,27770889.0,378.0,30333354.333333332,30098443.0,29843441.833333332,1691321.009402295,25670685.346153848,6372628.056138544,378.0,38659072.0
235,2019-08-01,31163514.0,30481197.0,31897300.0,30660506.0,35255378.0,30195473.0,30550161.0,32383510.083333332,1249602.4869280432,25691155.60851064,6366734.807527408,378.0,38659072.0
236,2019-09-01,29493490.0,31163514.0,28207922.0,31159200.0,33370342.0,29950877.666666668,30633995.666666668,32042521.416666668,1275099.0747590591,25714343.56779661,6363152.853981586,378.0,38659072.0
237,2019-10-01,33358021.0,29493490.0,30481197.0,30894841.0,34778815.0,30379400.333333332,30356377.333333332,31719450.416666668,1318474.1333971766,25730289.333333332,6354400.761700105,378.0,38659072.0
238,2019-11-01,34474209.0,33358021.0,31163514.0,31897300.0,36968438.0,31338341.666666668,30766907.333333332,31601050.916666668,1811109.19041934,25762338.62605042,6360227.937057128,378.0,38659072.0
239,2019-12-01,33737563.0,34474209.0,29493490.0,28207922.0,37157293.0,32441906.666666668,31196392.166666668,31393198.5,2356274.060144204,25798789.966527198,6371820.01311955,378.0,38659072.0
240,2020-01-01,27358321.0,33737563.0,33358021.0,30481197.0,27770889.0,33856597.666666664,32117999.0,31108221.0,2009506.2860408751,25831868.1875,6379092.091631744,378.0,38659072.0
241,2020-02-01,28627712.0,27358321.0,34474209.0,31163514.0,30660506.0,31856697.666666668,31597519.666666668,31073840.333333332,2776350.08693452,25838202.01659751,6366547.793358563,378.0,38659072.0
242,2020-03-01,25378194.0,28627712.0,33737563.0,29493490.0,31159200.0,29907865.333333332,31174886.0,30904440.833333332,3036454.524184398,25849728.917355374,6355855.471530526,378.0,38659072.0
243,2020-04-01,8055063.0,25378194.0,27358321.0,33358021.0,30894841.0,27121409.0,30489003.333333332,30422690.333333332,3848433.8587702196,25847788.444444444,6342782.074290215,378.0,38659072.0
244,2020-05-01,11407735.0,8055063.0,28627712.0,34474209.0,31897300.0,20686989.666666668,26271843.666666668,28519375.5,9616610.820965998,25774867.43852459,6431390.882551584,378.0,38659072.0
245,2020-06-01,10378580.0,11407735.0,25378194.0,33737563.0,28207922.0,14946997.333333334,22427431.333333332,26811911.75,10270169.528011674,25716226.08163265,6483500.381680725,378.0,38659072.0
246,2020-07-01,16619363.0,10378580.0,8055063.0,27358321.0,30481197.0,9947126.0,18534267.5,25326133.25,9525726.25060036,25653877.926829267,6543735.670903738,378.0,38659072.0
247,2020-09-01,23545974.0,16619363.0,11407735.0,28627712.0,31163514.0,12801892.666666666,16744441.166666666,24170980.416666668,8488573.169375194,25617300.94331984,6555674.248800456,378.0,38659072.0
248,2020-10-01,26939919.0,23545974.0,10378580.0,25378194.0,29493490.0,16847972.333333332,15897484.833333334,23536185.416666668,7225290.101584885,25608948.81854839,6543712.205864621,378.0,38659072.0
249,2020-11-01,24866741.0,26939919.0,16619363.0,8055063.0,33358021.0,22368418.666666668,16157772.333333334,23323387.833333332,7650739.752293434,25614294.080321286,6531050.5926453,378.0,38659072.0
250,2020-12-01,24865542.0,24866741.0,23545974.0,11407735.0,34474209.0,25117544.666666668,18959718.666666668,22615781.166666668,7152005.466354561,25611303.868,6518094.313826749,378.0,38659072.0
251,2021-01-01,19805639.0,24865542.0,26939919.0,10378580.0,33737563.0,25557400.666666668,21202686.5,21815058.916666668,6378350.487211605,25608332.70517928,6505215.373063382,378.0,38659072.0
252,2021-02-01,22187185.0,19805639.0,24866741.0,16619363.0,27358321.0,23179307.333333332,22773863.0,20654065.25,3831335.5717703016,25585306.14285714,6502526.141251649,378.0,38659072.0
253,2021-03-01,25042033.0,22187185.0,24865542.0,23545974.0,28627712.0,22286122.0,23701833.333333332,20223137.25,2477708.962165056,25571874.833992094,6493127.009384563,378.0,38659072.0
254,2021-04-01,22148226.0,25042033.0,19805639.0,26939919.0,25378194.0,22344952.333333332,23951176.5,19924330.666666668,2533535.8466827045,25569788.842519686,6480367.314359968,378.0,38659072.0
255,2021-05-01,24721351.0,22148226.0,22187185.0,24866741.0,8055063.0,23125814.666666668,23152561.0,19655166.666666668,2125339.8742429,25556370.949019607,6471146.375811354,378.0,38659072.0
256,2021-06-01,28638411.0,24721351.0,25042033.0,24865542.0,11407735.0,23970536.666666668,23128329.333333332,21044024.0,2102594.2953845127,25553109.15234375,6458656.246635749,378.0,38659072.0
257,2021-07-01,22961804.0,28638411.0,22148226.0,19805639.0,10378580.0,25169329.333333332,23757140.833333332,22479913.666666668,3068393.148337829,25565114.217898834,6448901.729065539,378.0,38659072.0
258,2021-08-01,26228569.0,22961804.0,24721351.0,22187185.0,16619363.0,25440522.0,24283168.333333332,23528515.666666668,2467109.5200219597,25555023.868217055,6438383.2995707365,378.0,38659072.0
259,2021-09-01,27999000.0,26228569.0,28638411.0,25042033.0,23545974.0,25942928.0,24956732.333333332,24329282.833333332,2328194.741278942,25557624.42857143,6426029.988953227,378.0,38659072.0
260,2021-10-01,29048133.0,27999000.0,22961804.0,22148226.0,26939919.0,25729791.0,25449560.166666668,24700368.333333332,2641715.1428061984,25567014.334615383,6415399.43789829,378.0,38659072.0
261,2021-11-01,30769968.0,29048133.0,26228569.0,24721351.0,24866741.0,27758567.333333332,26599544.666666668,24876052.833333332,2408710.3409924507,25580351.95402299,6406674.822703126,378.0,38659072.0
262,2021-12-01,30427351.0,30769968.0,27999000.0,28638411.0,24865542.0,29272367.0,27607647.5,25367988.416666668,2712070.018575315,25600159.648854963,6402422.528274951,378.0,38659072.0
263,2022-01-01,22456777.0,30427351.0,29048133.0,22961804.0,19805639.0,30081817.333333332,27905804.166666668,25831472.5,2937055.9741342603,25618513.988593157,6397121.218783837,378.0,38659072.0
264,2022-02-01,24754472.0,22456777.0,30769968.0,26228569.0,22187185.0,27884698.666666668,27821633.0,26052400.666666668,3109268.0707610906,25606537.71212121,6387912.362871506,378.0,38659072.0
265,2022-03-01,27768826.0,24754472.0,30427351.0,27999000.0,25042033.0,25879533.333333332,27575950.166666668,26266341.25,3311954.19785748,25603322.369811323,6376017.411936245,378.0,38659072.0
266,2022-04-01,25496869.0,27768826.0,22456777.0,29048133.0,22148226.0,24993358.333333332,27537587.833333332,26493574.0,3307403.9051019135,25611463.360902257,6365360.757974409,378.0,38659072.0
267,2022-05-01,27779638.0,25496869.0,24754472.0,30769968.0,24721351.0,26006722.333333332,26945710.5,26772627.583333332,3300771.9384203423,25611034.168539327,6353388.398304248,378.0,38659072.0
268,2022-06-01,28204342.0,27779638.0,27768826.0,30427351.0,28638411.0,27015111.0,26447322.166666668,27027484.833333332,2794838.8508624076,25619125.973880596,6342862.937705356,378.0,38659072.0
269,2022-07-01,27337296.0,28204342.0,25496869.0,22456777.0,22961804.0,27160283.0,26076820.666666668,26991312.416666668,2257364.924995434,25628736.44237918,6332980.050151212,378.0,38659072.0
270,2022-08-01,27202134.0,27337296.0,27779638.0,24754472.0,26228569.0,27773758.666666668,26890240.5,27355936.75,1413693.9547728114,25635064.44074074,6322052.892487216,378.0,38659072.0
271,2022-09-01,26421147.0,27202134.0,28204342.0,27768826.0,27999000.0,27581257.333333332,27298184.166666668,27437067.166666668,951831.4186362093,25640846.985239852,6311052.486603197,378.0,38659072.0
272,2022-10-01,28699079.0,26421147.0,27337296.0,25496869.0,29048133.0,26986859.0,27073571.0,27305579.416666668,977230.7052182062,25643715.73529412,6299575.38883201,378.0,38659072.0
273,2022-11-01,30419788.0,28699079.0,27202134.0,27779638.0,30769968.0,27440786.666666668,27607272.666666668,27276491.583333332,802765.4082419676,25654907.542124543,6290703.113818944,378.0,38659072.0
274,2022-12-01,30480030.0,30419788.0,26421147.0,28204342.0,30427351.0,28513338.0,28047297.666666668,27247309.916666668,1410032.7791721213,25672297.61678832,6285765.780571737,378.0,38659072.0
275,2023-01-01,24921484.0,30480030.0,28699079.0,27337296.0,22456777.0,29866299.0,28426579.0,27251699.833333332,1730396.4803374857,25689780.28,6280979.479866737,378.0,38659072.0
276,2023-02-01,24660328.0,24921484.0,30419788.0,27202134.0,24754472.0,28607100.666666668,28023943.666666668,27457092.083333332,2240438.445075752,25686996.597826086,6269719.676071976,378.0,38659072.0
277,2023-03-01,29260203.0,24660328.0,30480030.0,26421147.0,27768826.0,26687280.666666668,27600309.333333332,27449246.75,2632852.637935266,25683290.21299639,6258655.186071042,378.0,38659072.0
278,2023-04-01,27201233.0,29260203.0,24921484.0,28699079.0,25496869.0,26280671.666666668,28073485.333333332,27573528.166666668,2633667.218152106,25696156.805755395,6251030.052341218,378.0,38659072.0
279,2023-05-01,28670083.0,27201233.0,24660328.0,30419788.0,27779638.0,27040588.0,27823844.333333332,27715558.5,2633497.598396146,25701551.34408602,6240427.629373301,378.0,38659072.0
280,2023-06-01,27697521.0,28670083.0,29260203.0,30480030.0,28204342.0,28377173.0,27532226.833333332,27789762.25,2372488.1355407853,25712153.242857143,6231759.675261463,378.0,38659072.0
281,2023-07-01,28879104.0,27697521.0,27201233.0,24921484.0,27337296.0,27856279.0,27068475.333333332,27747527.166666668,1907400.6236771364,25719218.608540926,6221748.9649477145,378.0,38659072.0
282,2023-08-01,30501338.0,28879104.0,28670083.0,24660328.0,27202134.0,28415569.333333332,27728078.666666668,27876011.166666668,1688148.7336783682,25730423.875886526,6213518.24381788,378.0,38659072.0
283,2023-09-01,29092303.0,30501338.0,27697521.0,29260203.0,26421147.0,29025987.666666668,28701580.333333332,28150944.833333332,1169860.7560020997,25747282.22968198,6208971.863400239,378.0,38659072.0
284,2023-10-01,29661119.0,29092303.0,28879104.0,27201233.0,28699079.0,29490915.0,28673597.0,28373541.166666668,1155748.8878675767,25759060.471830986,6201169.750825074,378.0,38659072.0
285,2023-11-01,32091448.0,29661119.0,30501338.0,28670083.0,30419788.0,29751586.666666668,29083578.0,28453711.166666668,946320.7583961748,25772751.90526316,6194556.308728909,378.0,38659072.0
286,2023-12-01,32445480.0,32091448.0,29092303.0,27697521.0,30480030.0,30281623.333333332,29653805.5,28593016.166666668,1510163.0574341863,25794845.248251747,6194956.701498096,378.0,38659072.0
287,2024-01-01,27266049.0,32445480.0,29661119.0,28879104.0,24921484.0,31399349.0,30445132.0,28756803.666666668,1523953.673284793,25818018.19163763,6196564.87847698,378.0,38659072.0
288,2024-02-01,28636377.0,27266049.0,32091448.0,30501338.0,24660328.0,30600992.333333332,30176289.5,28952184.083333332,1940754.5582509225,25823046.076388888,6186348.512511261,378.0,38659072.0
289,2024-03-01,33033034.0,28636377.0,32445480.0,29092303.0,29260203.0,29449302.0,29865462.666666668,29283521.5,2025765.7976796136,25832780.78546713,6177815.939261552,378.0,38659072.0
290,2024-04-01,31862039.0,33033034.0,27266049.0,29661119.0,27201233.0,29645153.333333332,30522251.166666668,29597924.083333332,2339493.1423042854,25857609.244827587,6181595.322589869,378.0,38659072.0
291,2024-05-01,33741629.0,31862039.0,28636377.0,32091448.0,28670083.0,31177150.0,30889071.166666668,29986324.583333332,2349990.7306167735,25878243.02405498,6180958.572637422,378.0,38659072.0
292,2024-06-01,31920963.0,33741629.0,33033034.0,32445480.0,27697521.0,32878900.666666668,31164101.333333332,30408953.416666668,2601915.016200113,25905172.42808219,6187464.67432455,378.0,38659072.0
293,2024-07-01,32259885.0,31920963.0,31862039.0,27266049.0,28879104.0,32508210.333333332,31076681.833333332,30760906.916666668,2558705.29912445,25925704.136518773,6186850.693394311,378.0,38659072.0
294,2024-08-01,33720432.0,32259885.0,33741629.0,28636377.0,30501338.0,32640825.666666668,31908987.833333332,31042638.666666668,1758266.8464231144,25947248.969387755,6187321.854443933,378.0,38659072.0
295,2024-09-01,31691523.0,33720432.0,31920963.0,33033034.0,29092303.0,32633760.0,32756330.333333332,31310896.5,862661.4567506345,25973598.74237288,6193347.981276019,378.0,38659072.0
296,2024-10-01,34437705.0,31691523.0,32259885.0,31862039.0,29661119.0,32557280.0,32532745.166666668,31527498.166666668,946385.9384277863,25992916.054054055,6191767.802313379,378.0,38659072.0
297,2024-11-01,33015926.0,34437705.0,33720432.0,33741629.0,32091448.0,33283220.0,32962022.833333332,31925547.0,1144690.441672776,26021349.686868686,6200692.244771693,378.0,38659072.0
298,2024-12-01,33709408.0,33015926.0,31691523.0,31920963.0,32445480.0,33048384.666666668,32841072.333333332,32002586.833333332,1082490.3391583327,26044821.419463087,6203491.164365575,378.0,38659072.0
299,2025-01-01,30556192.0,33709408.0,34437705.0,32259885.0,27266049.0,33721013.0,33139146.5,32107914.166666668,1023058.4600666466,26070455.488294315,6208916.054104196,378.0,38659072.0
300,2025-02-01,33801327.0,30556192.0,33015926.0,33720432.0,28636377.0,32427175.333333332,32855197.666666668,32382092.75,1459317.2778768574,26085407.94333333,6203932.578523029,378.0,38659072.0
301,2025-03-01,34906315.0,33801327.0,33709408.0,31691523.0,33033034.0,32688975.666666668,32868680.166666668,32812505.25,1469249.7530731189,26111042.22591362,6209531.025517286,378.0,38659072.0
302,2025-04-01,32098102.0,34906315.0,30556192.0,34437705.0,31862039.0,33087944.666666668,33404478.833333332,32968612.0,1538651.9838023768,26140165.645695366,6219833.068074336,378.0,38659072.0
303,2025-05-01,35851951.0,32098102.0,33801327.0,33015926.0,33741629.0,33601914.666666664,33014545.0,32988283.916666668,1520790.806732618,26159828.801980197,6218952.871648815,378.0,38659072.0
304,2025-06-01,31944004.0,35851951.0,34906315.0,33709408.0,31920963.0,34285456.0,33487215.833333332,33164144.083333332,1911773.4170545908,26191710.782894738,6233517.2554242825,378.0,38659072.0
305,2025-07-01,34915742.0,31944004.0,32098102.0,30556192.0,32259885.0,33298019.0,33192981.833333332,33166064.166666668,2004349.2467062229,26210570.76065574,6231966.566083027,378.0,38659072.0
306,2025-08-01,34949665.0,34915742.0,35851951.0,33801327.0,33720432.0,34237232.333333336,33919573.5,33387385.583333332,1608397.2631241002,26239019.03267974,6241611.859017887,378.0,38659072.0
307,2025-09-01,34748927.0,34949665.0,31944004.0,34906315.0,31691523.0,33936470.333333336,34110963.166666664,33489821.666666668,1659037.9752552237,26267392.472312704,6251204.426370388,378.0,38659072.0
308,2025-10-01,36333445.0,34748927.0,34915742.0,32098102.0,34437705.0,34871444.666666664,34084731.833333336,33744605.333333336,1645133.4191158335,26294929.92207792,6259698.726991039,378.0,38659072.0
309,2025-11-01,38950174.0,36333445.0,34949665.0,35851951.0,33015926.0,35344012.333333336,34790622.333333336,33902583.666666664,1526606.9734392716,26327417.025889967,6275566.126882377,378.0,38659072.0
310,2025-12-01,34188162.0,38950174.0,34748927.0,31944004.0,33709408.0,36677515.333333336,35306992.833333336,34397104.333333336,2290339.050277334,26368135.596774194,6306287.230704132,378.0,38950174.0
311,2026-01-01,286.0,34188162.0,36333445.0,34915742.0,30556192.0,36490593.666666664,35681019.166666664,34437000.5,1751055.6346648897,26393280.376205787,6311703.695842828,378.0,38950174.0
